addresses_roadtype_name,addresses_end_street_number,geo_epgs_4326_lon,values_attribute_name,estimated_dates,addresses_road_name,values_category,addresses_zip_code,secondary_filters_id,values_value,addresses_town,secondary_filters_name,timetable,secondary_filters_tree,start_date,addresses_district_name,end_date,geo_epgs_25831_x,addresses_start_street_number,register_id,institution_id,addresses_main_address,addresses_district_id,addresses_roadtype_id,addresses_type,addresses_neighborhood_id,_id,name,addresses_road_id,created,geo_epgs_25831_y,institution_name,modified,secondary_filters_asia_id,secondary_filters_fullpath,geo_epgs_4326_lat,values_description,values_id,addresses_neighborhood_name,values_outstanding,values_attribute_id
,,2.149917369654088,Tel.,,C Comte Borrell,Telèfons,8029,56731069,934449000,BARCELONA,Ensenyament infantil (3-6 anys),,651,,Eixample,,428926.0698134656,243,﻿75990008599,,True,2,,,9,1,Centre Educatiu IPSI,87009,1996-09-17T00:00:00,4582052.3698521,,2023-02-28T13:42:16.091286,65103003000001,Planol BCN >> Educació >> Ensenyament infantil >> Ensenyament infantil (3-6 anys),41.38686117014667,,134508,la Nova Esquerra de l'Eixample,True,20001
,,2.149917369654088,Tel.,,C Comte Borrell,Telèfons,8029,56732068,934449000,BARCELONA,Educació primària,,651,,Eixample,,428926.0698134656,243,﻿75990008599,,True,2,,,9,2,Centre Educatiu IPSI,87009,1996-09-17T00:00:00,4582052.3698521,,2023-02-28T13:42:16.091286,65103003001000,Planol BCN >> Educació >> Ensenyament reglat >> Educació primària,41.38686117014667,,134508,la Nova Esquerra de l'Eixample,True,20001
,,2.149917369654088,Tel.,,C Comte Borrell,Telèfons,8029,56732069,934449000,BARCELONA,Educació secundària,,651,,Eixample,,428926.0698134656,243,﻿75990008599,,True,2,,,9,3,Centre Educatiu IPSI,87009,1996-09-17T00:00:00,4582052.3698521,,2023-02-28T13:42:16.091286,65103003001001,Planol BCN >> Educació >> Ensenyament reglat >> Educació secundària,41.38686117014667,,134508,la Nova Esquerra de l'Eixample,True,20001
,,2.1653537753375733,Tel.,,C Grassot,Telèfons,8025,56732070,934576011,BARCELONA,Música,,651,,Gràcia,,430236.3606560931,92,﻿27113254,,True,6,,,32,4,Escola de Música Sant Josep,149605,2000-01-27T00:00:00,4584081.457331103,,2018-02-27T14:20:56,65103003001002,Planol BCN >> Educació >> Ensenyament reglat >> Música,41.405251173903096,,128735,el Camp d'en Grassot i Gràcia Nova,True,20001
,,2.1793314073002037,Tel.,,C Sant Quintí,Telèfons,8026,56731068,934366162,BARCELONA,Ensenyament infantil (0-3 anys),,651,,Sant Martí,,431412.22607321513,19,﻿98033162921,,True,10,,,64,5,Escola d'Educació Infantil Grimm,310008,1998-02-02T00:00:00,4584866.0329212835,,2016-10-26T14:10:09,65103003000000,Planol BCN >> Educació >> Ensenyament infantil >> Ensenyament infantil (0-3 anys),41.4124187717701,,199247,el Camp de l'Arpa del Clot,True,20001
,,2.1793314073002037,Tel.,,C Sant Quintí,Telèfons,8026,56731069,934366162,BARCELONA,Ensenyament infantil (3-6 anys),,651,,Sant Martí,,431412.22607321513,19,﻿98033162921,,True,10,,,64,6,Escola d'Educació Infantil Grimm,310008,1998-02-02T00:00:00,4584866.0329212835,,2016-10-26T14:10:09,65103003000001,Planol BCN >> Educació >> Ensenyament infantil >> Ensenyament infantil (3-6 anys),41.4124187717701,,199247,el Camp de l'Arpa del Clot,True,20001
,,2.1411854663249623,Tel.,,C Noguera Pallaresa,Telèfons,8014,,932964996,BARCELONA,,,,,Sants-Montjuïc,,428181.05037602375,59,﻿1096153925,,True,3,,,16,34,Centre Estudis Naturopatia Naima,228600,2001-04-06T00:00:00,4580550.5633527255,,2007-10-09T12:30:45,,,41.37326878650968,,132176,la Bordeta,True,20001
,,2.200145848591939,Tel.,,C Pujades,Telèfons,8005,56732070,934853699,BARCELONA,Música,,651,,Sant Martí,,433140.2485422849,176,﻿92086015466,92086015460,True,10,,,68,7,Aula de Música,270901,1989-02-27T00:00:00,4583596.858643833,Centre Moral i Cultural del Poblenou,2018-02-28T12:18:56,65103003001002,Planol BCN >> Educació >> Ensenyament reglat >> Música,41.401133285381995,,164323,el Poblenou,True,20001
,,2.1409646122875134,Tel.,,Av Diagonal,Telèfons,8021,56733070,932092966,BARCELONA,Informàtica,,651,,Sarrià-Sant Gervasi,,428183.50090164633,618,﻿75990062008,,True,5,,,26,8,Centre Bit Formació Informàtica *Avinguda Diagonal,144601,1996-09-18T00:00:00,4582661.208754659,,2023-10-03T10:43:50.033426,65103003002002,Planol BCN >> Educació >> Ensenyament no reglat >> Informàtica,41.39227879510722,,139130,Sant Gervasi - Galvany,True,20001
,,2.1933428895948404,Tel.,,C Roc Boronat,Telèfons,8018,56732071,93 542 20 00,BARCELONA,Universitats,,651,,Sant Martí,,432574.3789791466,138,﻿99400213357,,True,10,,,66,9,Facultat de Comunicació *Campus de la Comunicació-Poblenou - UPF,181608,2008-09-19T00:00:00,4583902.194553516,,2024-11-19T17:22:39.591188,65103003001003,Planol BCN >> Educació >> Ensenyament reglat >> Universitats,41.40383610308015,,221222,el Parc i la Llacuna del Poblenou,True,20001
,,2.178268491327398,Tel.,,G.V. Corts Catalanes,Telèfons,8013,,932321612,BARCELONA,,,,,Eixample,,431307.8264218834,707,﻿75990071144,,True,2,,,5,10,Collège Ferdinand de Lesseps,169409,1996-09-18T00:00:00,4583226.032893674,,2016-10-26T13:35:23,,,41.39763890839236,,139308,el Fort Pienc,True,20001
,,2.1532867495245505,Tel.,,Carrer del Rosselló,Telèfons,8036,,93 227 18 06,Barcelona,,,,,Eixample,,429211.3299647474,132,﻿99400248152,,True,2,,,8,11,Institut de Salut Global de Barcelona,289105,2010-06-03T17:57:43,4582412.872394328,,2025-07-18T10:19:45.073117,,,41.39013324147976,,223622,l'Antiga Esquerra de l'Eixample,True,20001
,,2.132487351954574,Tel.,,Pg Bonanova,Telèfons,8022,56732070,932540950,BARCELONA,Música,,651,,Sarrià-Sant Gervasi,,427490.3043031039,8,﻿99400288244,75990334003,True,5,,,25,12,Escola de Música La Salle Bonanova,44709,2012-03-16T00:00:00,4584218.225419785,Centre Educatiu La Salle Bonanova,2018-02-28T14:20:18,65103003001002,Planol BCN >> Educació >> Ensenyament reglat >> Música,41.4062399904267,,224633,Sant Gervasi - la Bonanova,True,20001
,,2.116705831526212,Tel.,,Pg Santa Eulàlia,Telèfons,8017,,932806696,BARCELONA,,,,,Sarrià-Sant Gervasi,,426168.83718807565,4,﻿92086033110,,True,5,,,23,13,INSA Escola Superior de Comunicació Empresarial i Secretariat de Direcció,315500,1990-05-17T00:00:00,4583998.142280091,,2012-03-14T14:18:31,,,41.40413752293877,,167908,Sarrià,True,20001
,345,2.1381210907130104,Tel.,,Travessera de les Corts,Telèfons,8029,56732073,900 670 450,Barcelona,Formació professional,,651,,Les Corts,,427941.85396853,323,﻿99400681792,,True,4,,,19,14,Escola Superior de Disseny Campusnet,343903,2021-12-14T12:07:15.755867,4582269.22284126,,2024-03-20T11:50:02.080689,65103003001005,Planol BCN >> Educació >> Ensenyament reglat >> Formació professional,41.38872671890697,,435761,les Corts,True,20001
,8,2.1629307624189775,Tel.,,Carrer de Viladomat,Telèfons,8015,56731069,93 324 84 42,Barcelona,Ensenyament infantil (3-6 anys),,651,,Eixample,,430002.002,2,﻿1081092719,,True,2,,,10,15,Escola Ferran Sunyer,361406,2001-03-22T00:00:00,4580788.5,,2025-03-12T14:38:11.446351,65103003000001,Planol BCN >> Educació >> Ensenyament infantil >> Ensenyament infantil (3-6 anys),41.37557224589931,,132275,Sant Antoni,True,20001
,8,2.1629307624189775,Tel.,,Carrer de Viladomat,Telèfons,8015,56732068,93 324 84 42,Barcelona,Educació primària,,651,,Eixample,,430002.002,2,﻿1081092719,,True,2,,,10,16,Escola Ferran Sunyer,361406,2001-03-22T00:00:00,4580788.5,,2025-03-12T14:38:11.446351,65103003001000,Planol BCN >> Educació >> Ensenyament reglat >> Educació primària,41.37557224589931,,132275,Sant Antoni,True,20001
,,2.1804096444002057,Tel.,,C Francesc Tàrrega,Telèfons,8027,,933517800,BARCELONA,,,,,Sant Andreu,,431512.5528794669,14,﻿99400008122,,True,9,,,62,17,Centre de Formació Cief-Acció,133300,2002-06-22T14:09:40,4585944.238431132,,2023-10-03T10:36:48.031035,,,41.42213835875653,,205289,el Congrés i els Indians,True,20001
,,2.1940614144109145,Tel.,,C Andrade,Telèfons,8018,56733069,931652490,BARCELONA,Idiomes,,651,,Sant Martí,,432641.6511705606,15,﻿99400355657,,True,10,,,65,18,Centre de Formació Edukative,15201,2014-10-14T14:01:10,4584676.85101286,,2017-03-13T09:23:34,65103003002001,Planol BCN >> Educació >> Ensenyament no reglat >> Idiomes,41.410818846031866,,226625,el Clot,True,20001
,,2.169054051396589,Tel.,,Rda Guinardó,Telèfons,8024,,93 435 3688,BARCELONA,,,,,Horta-Guinardó,,430554.15338661725,65,﻿75990067422,,True,7,,,33,19,Escola MicroFusa,152905,1996-09-18T00:00:00,4584964.893782358,,2023-10-03T10:43:39.545299,,,41.41323549037752,,139722,el Baix Guinardó,True,20001
,,2.1737571648009806,Tel.,,C Consell de Cent,Telèfons,8009,,931824606,BARCELONA,,,,,Eixample,,430930.33709709044,435,﻿99400263575,99400263571,True,2,,,7,20,Escola Estudi Atrium,89004,2011-01-24T14:10:23,4583191.425154372,Teatre Sala Atrium,2025-08-04T10:43:03.240866,,,41.39729487181366,,223224,la Dreta de l'Eixample,True,20001
,,2.1378928721475967,Tel.,,Carrer de la Constitució,Telèfons,8014,56731069,93 421 71 50,Barcelona,Ensenyament infantil (3-6 anys),,651,,Sants-Montjuïc,,427902.0251681852,15,﻿92168166156,,True,3,,,16,21,Centre Educatiu FEP Sant Medir,89707,1987-09-29T00:00:00,4580183.57587625,,2025-03-14T09:31:29.381555,65103003000001,Planol BCN >> Educació >> Ensenyament infantil >> Ensenyament infantil (3-6 anys),41.36993851664151,c. Constitució,172740,la Bordeta,True,20001
,,2.1378928721475967,Tel.,,Carrer de la Constitució,Telèfons,8014,56732068,93 421 71 50,Barcelona,Educació primària,,651,,Sants-Montjuïc,,427902.0251681852,15,﻿92168166156,,True,3,,,16,22,Centre Educatiu FEP Sant Medir,89707,1987-09-29T00:00:00,4580183.57587625,,2025-03-14T09:31:29.381555,65103003001000,Planol BCN >> Educació >> Ensenyament reglat >> Educació primària,41.36993851664151,c. Constitució,172740,la Bordeta,True,20001
,,2.1378928721475967,Tel.,,Carrer de la Constitució,Telèfons,8014,56732069,93 421 71 50,Barcelona,Educació secundària,,651,,Sants-Montjuïc,,427902.0251681852,15,﻿92168166156,,True,3,,,16,23,Centre Educatiu FEP Sant Medir,89707,1987-09-29T00:00:00,4580183.57587625,,2025-03-14T09:31:29.381555,65103003001001,Planol BCN >> Educació >> Ensenyament reglat >> Educació secundària,41.36993851664151,c. Constitució,172740,la Bordeta,True,20001
,,2.1990702860756914,Tel.,,C Menorca,Telèfons,8020,56731069,933139292,BARCELONA,Ensenyament infantil (3-6 anys),,651,,Sant Martí,,433070.79377717717,80,﻿92168166172,,True,10,,,72,24,Centre Educatiu San Rafael,208205,1987-11-19T00:00:00,4585809.447056751,,2025-03-11T09:33:53.783845,65103003000001,Planol BCN >> Educació >> Ensenyament infantil >> Ensenyament infantil (3-6 anys),41.421055653974776,,172743,Sant Martí de Provençals,True,20001
,,2.1990702860756914,Tel.,,C Menorca,Telèfons,8020,56732068,933139292,BARCELONA,Educació primària,,651,,Sant Martí,,433070.79377717717,80,﻿92168166172,,True,10,,,72,25,Centre Educatiu San Rafael,208205,1987-11-19T00:00:00,4585809.447056751,,2025-03-11T09:33:53.783845,65103003001000,Planol BCN >> Educació >> Ensenyament reglat >> Educació primària,41.421055653974776,,172743,Sant Martí de Provençals,True,20001
,,2.1384266320287693,Tel.,,Passatge d'Antonio Ruiz Villalba,Telèfons,8038,56731069,933329346,Barcelona,Ensenyament infantil (3-6 anys),,651,,Sants-Montjuïc,,427935.7530754827,6,﻿92168166213,,True,3,,,13,26,Escola Seat,701851,1985-03-12T00:00:00,4579085.263608764,,2022-11-16T17:44:28.782276,65103003000001,Planol BCN >> Educació >> Ensenyament infantil >> Ensenyament infantil (3-6 anys),41.36004942767377,,172750,la Marina de Port,True,20001
,,2.1384266320287693,Tel.,,Passatge d'Antonio Ruiz Villalba,Telèfons,8038,56732068,933329346,Barcelona,Educació primària,,651,,Sants-Montjuïc,,427935.7530754827,6,﻿92168166213,,True,3,,,13,27,Escola Seat,701851,1985-03-12T00:00:00,4579085.263608764,,2022-11-16T17:44:28.782276,65103003001000,Planol BCN >> Educació >> Ensenyament reglat >> Educació primària,41.36004942767377,,172750,la Marina de Port,True,20001
,,2.1120357203064737,Tel.,,Carrer dels Esports,Telèfons,8017,56731069,932801023,Barcelona,Ensenyament infantil (3-6 anys),,651,,Sarrià-Sant Gervasi,,425775.01908736594,9,﻿92168166245,,True,5,,,23,28,Escola Tàber,98854,1987-09-29T00:00:00,4583664.826444591,,2025-02-24T09:28:43.494097,65103003000001,Planol BCN >> Educació >> Ensenyament infantil >> Ensenyament infantil (3-6 anys),41.401099242696475,,172754,Sarrià,True,20001
,,2.1120357203064737,Tel.,,Carrer dels Esports,Telèfons,8017,56732068,932801023,Barcelona,Educació primària,,651,,Sarrià-Sant Gervasi,,425775.01908736594,9,﻿92168166245,,True,5,,,23,29,Escola Tàber,98854,1987-09-29T00:00:00,4583664.826444591,,2025-02-24T09:28:43.494097,65103003001000,Planol BCN >> Educació >> Ensenyament reglat >> Educació primària,41.401099242696475,,172754,Sarrià,True,20001
,,2.1839578397165673,Tel.,,Nàpols,Telèfons,8018,,625 633 389,BARCELONA,,,,,Eixample,,431779.279930913,42,﻿33141645,,True,2,,,5,30,Escola Oficial Patinatge en Línia,225500,2000-02-02T00:00:00,4582781.090329668,,2023-07-03T09:47:54.612297,,,41.39367157911195,,128114,el Fort Pienc,True,20001
,,2.1559070776059728,Tel.,,C Calàbria,Telèfons,8015,,93 325 68 74,BARCELONA,,,,,Eixample,,429418.28721461585,87,﻿99400604497,,True,2,,,10,31,Centre de Ioga Blanc Yoga *Eixample,54509,2018-07-25T13:12:58,4581166.948596404,,2023-03-06T12:12:24.911989,,,41.37892982211203,,232128,Sant Antoni,True,20001
,,2.145718076772242,Tel.,,Balmes,Telèfons,8006,,932003283,BARCELONA,,,,,Sarrià-Sant Gervasi,,428591.7037028117,301,﻿251193419,,True,5,,,26,32,Tegma Cultural,32700,2000-09-07T00:00:00,4583752.886192237,,2025-04-15T16:38:33.817795,,,41.40214745731084,,130803,Sant Gervasi - Galvany,True,20001
,,2.1575427468064414,Tel.,,Pl Margarida Xirgu,Telèfons,8004,56732069,932 273 907,BARCELONA,Educació secundària,,651,,Sants-Montjuïc,,429546.9391389935,6,﻿266121351,92086011642,True,3,,,11,33,Institut d'Educació Secundària i Artística,700685,2000-09-22T00:00:00,4580330.049793043,Institut del Teatre,2025-03-11T14:05:22.306842,65103003001001,Planol BCN >> Educació >> Ensenyament reglat >> Educació secundària,41.37140342180358,,130822,el Poble-sec,True,20001
,,2.1519977690664587,Tel.,,C Muntaner,Telèfons,8036,56733069,934100077,BARCELONA,Idiomes,,651,,Eixample,,429106.13793154206,184,﻿75990090749,,True,2,,,8,35,Escola London Language Centre,223606,1996-09-18T00:00:00,4582676.8307969505,,2023-10-03T10:17:46.183697,65103003002001,Planol BCN >> Educació >> Ensenyament no reglat >> Idiomes,41.392501354057636,,140562,l'Antiga Esquerra de l'Eixample,True,20001
,,2.162705424130043,Tel.,,C Tamarit,Telèfons,8011,56731068,934235503,BARCELONA,Ensenyament infantil (0-3 anys),,651,,Eixample,,429988.0236488868,191,﻿93113090355,,True,2,,,10,36,Llar d'Infants Bambi Roig,329902,1993-04-23T00:00:00,4581292.298491395,,2016-10-24T15:44:17,65103003000000,Planol BCN >> Educació >> Ensenyament infantil >> Ensenyament infantil (0-3 anys),41.380108582917536,,173127,Sant Antoni,True,20001
,4,2.1805581491479247,,,Avinguda d'Escolapi Càncer,,8033,56733068,,Barcelona,Adults,,651,,Nou Barris,,431564.31574354996,4,﻿99400676991,,True,8,,,54,37,Centre de Formació Professional Cruïlla,111908,2021-09-28T09:13:51.427679,4590101.292519781,,2022-06-29T10:00:24.289116,65103003002000,Planol BCN >> Educació >> Ensenyament no reglat >> Adults,41.459583794975394,,,Torre Baró,,
,4,2.1805581491479247,,,Avinguda d'Escolapi Càncer,,8033,56732073,,Barcelona,Formació professional,,651,,Nou Barris,,431564.31574354996,4,﻿99400676991,,True,8,,,54,38,Centre de Formació Professional Cruïlla,111908,2021-09-28T09:13:51.427679,4590101.292519781,,2022-06-29T10:00:24.289116,65103003001005,Planol BCN >> Educació >> Ensenyament reglat >> Formació professional,41.459583794975394,,,Torre Baró,,
,48,2.128156661221475,Tel.,,Carrer de Roger,Telèfons,8028,,93 611 40 17,Barcelona,,,,,Sants-Montjuïc,,427095.96942746,48,﻿99400677183,99400666919,True,3,,,17,39,Espai Familiar de Criança Municipal Els Gats,286402,2021-09-29T13:34:07.379900,4581006.07447287,Escola  Bressol Municipal Els Gats,2023-05-30T14:58:25.989171,,,41.377273833951676,,426909,Sants - Badal,False,20001
,,2.181027159499905,Tel.,,C Sant Feliu de Codines,Telèfons,8033,56732069,933500308,BARCELONA,Educació secundària,,651,,Nou Barris,,431603.9081392917,1,﻿92086005677,,True,8,,,54,40,Institut Pablo Ruiz Picasso,300503,1984-05-30T00:00:00,4590145.579527602,,2025-10-21T13:45:40.884078,65103003001001,Planol BCN >> Educació >> Ensenyament reglat >> Educació secundària,41.4599860460389,,162279,Torre Baró,True,20001
,,2.1499138529317703,Tel.,,Avinguda de la Riera de Cassoles,Telèfons,8012,56733069,932411633,Barcelona,Idiomes,,651,,Sarrià-Sant Gervasi,,428943.3132684167,23,﻿99400059887,,True,5,,,27,41,Escola Oficial d'Idiomes Barcelona III - Sant Gervasi,267000,2003-09-04T13:57:12,4583839.816418481,,2024-02-15T14:07:24.223016,65103003002001,Planol BCN >> Educació >> Ensenyament no reglat >> Idiomes,41.402961556389265,,207595,el Putxet i el Farró,True,20001
,,2.137368293468205,Tel.,,C Comtes de Bell-lloc,Telèfons,8014,56733069,936671894,BARCELONA,Idiomes,,651,,Sants-Montjuïc,,427869.6442354749,85,﻿99400059894,,True,3,,,18,42,Escola Oficial d'Idiomes Barcelona V - Sants,88001,2003-09-04T14:09:47,4581338.504595048,,2019-04-09T18:08:07,65103003002001,Planol BCN >> Educació >> Ensenyament no reglat >> Idiomes,41.380337628298,,207596,Sants,True,20001
,,2.1588910932356438,Tel.,,C Mallorca,Telèfons,8008,,935545283,BARCELONA,,,,,Eixample,,429681.052375021,219,﻿93060144702,,True,2,,,8,43,Equip d'Assessorament i Orientació Psicopedagògica B-47 Eixample,191204,1993-03-01T00:00:00,4582529.064358679,,2023-02-01T15:33:22.184248,,,41.39122094517484,,173489,l'Antiga Esquerra de l'Eixample,True,20001
,,2.1996691297574817,Tel.,,T Estadella,Telèfons,8030,,934159417,BARCELONA,,,,,Sant Andreu,,433134.2608726115,46,﻿98351125311,,True,9,,,59,44,Femarec S.C.C.L.,116300,1998-12-17T00:00:00,4587261.379920516,,2025-09-29T14:02:00.820049,,,41.43413804407905,,603559,el Bon Pastor,False,20001
,,2.147158169831797,Centraleta,,Pg Vall d'Hebron,Telèfons,8035,56732071,934035096,BARCELONA,Universitats,,651,,Horta-Guinardó,,428748.82438690326,171,﻿95195114710,,True,7,,,40,45,Aula de Poesia de Barcelona,352507,1995-07-14T00:00:00,4587482.826868194,,2007-01-02T10:48:13,65103003001003,Planol BCN >> Educació >> Ensenyament reglat >> Universitats,41.43575541409688,,186463,Montbau,True,20003
,,2.157239969018296,Tel.,,Rier Can Toda,Telèfons,8024,56731068,932103605,BARCELONA,Ensenyament infantil (0-3 anys),,651,,Gràcia,,429568.00093597115,29,﻿96283201450,,True,6,,,30,46,Centre Educatiu Jesuïtes Gràcia-Kostka,336806,1996-10-09T00:00:00,4585098.980271231,,2025-03-11T08:58:34.691021,65103003000000,Planol BCN >> Educació >> Ensenyament infantil >> Ensenyament infantil (0-3 anys),41.414357337303905,Edifici Primària,194462,la Salut,True,20001
,,2.157239969018296,Tel.,,Rier Can Toda,Telèfons,8024,56731069,932103605,BARCELONA,Ensenyament infantil (3-6 anys),,651,,Gràcia,,429568.00093597115,29,﻿96283201450,,True,6,,,30,47,Centre Educatiu Jesuïtes Gràcia-Kostka,336806,1996-10-09T00:00:00,4585098.980271231,,2025-03-11T08:58:34.691021,65103003000001,Planol BCN >> Educació >> Ensenyament infantil >> Ensenyament infantil (3-6 anys),41.414357337303905,Edifici Primària,194462,la Salut,True,20001
,,2.157239969018296,Tel.,,Rier Can Toda,Telèfons,8024,56732068,932103605,BARCELONA,Educació primària,,651,,Gràcia,,429568.00093597115,29,﻿96283201450,,True,6,,,30,48,Centre Educatiu Jesuïtes Gràcia-Kostka,336806,1996-10-09T00:00:00,4585098.980271231,,2025-03-11T08:58:34.691021,65103003001000,Planol BCN >> Educació >> Ensenyament reglat >> Educació primària,41.414357337303905,Edifici Primària,194462,la Salut,True,20001
,,2.157239969018296,Tel.,,Rier Can Toda,Telèfons,8024,56732069,932103605,BARCELONA,Educació secundària,,651,,Gràcia,,429568.00093597115,29,﻿96283201450,,True,6,,,30,49,Centre Educatiu Jesuïtes Gràcia-Kostka,336806,1996-10-09T00:00:00,4585098.980271231,,2025-03-11T08:58:34.691021,65103003001001,Planol BCN >> Educació >> Ensenyament reglat >> Educació secundària,41.414357337303905,Edifici Primària,194462,la Salut,True,20001
,,2.123827322512148,Tel.,,Trav Corts,Telèfons,8028,56731068,933340006,BARCELONA,Ensenyament infantil (0-3 anys),,651,,Les Corts,,426736.25327678205,92,﻿99400075745,,True,4,,,20,50,Escola Bressol Municipal Can Bacardí,343903,2004-03-05T12:51:33,4581238.148330811,,2021-07-01T13:20:05.927611,65103003000000,Planol BCN >> Educació >> Ensenyament infantil >> Ensenyament infantil (0-3 anys),41.37933135791374,,210343,la Maternitat i Sant Ramon,True,20001
,,2.123827322512148,Tel.,,Trav Corts,Telèfons,8028,56731070,933340006,BARCELONA,Escoles Bressol municipals,,651,,Les Corts,,426736.25327678205,92,﻿99400075745,,True,4,,,20,51,Escola Bressol Municipal Can Bacardí,343903,2004-03-05T12:51:33,4581238.148330811,,2021-07-01T13:20:05.927611,65103003000002,Planol BCN >> Educació >> Ensenyament infantil >> Escoles Bressol municipals,41.37933135791374,,210343,la Maternitat i Sant Ramon,True,20001
,,2.159315251769413,Tel.,,C València,Telèfons,8011,56731068,933233131,BARCELONA,Ensenyament infantil (0-3 anys),,651,,Eixample,,429714.7260862963,218,﻿92086003645,,True,2,,,8,52,Llar d'Infants Ninets,350308,1984-05-30T00:00:00,4582344.492166538,,2022-11-04T09:29:12.784620,65103003000000,Planol BCN >> Educació >> Ensenyament infantil >> Ensenyament infantil (0-3 anys),41.38956151051023,,160465,l'Antiga Esquerra de l'Eixample,True,20001
,,2.1548255270520476,Tel.,,C Còrsega,Telèfons,8036,56731068,932182363,BARCELONA,Ensenyament infantil (0-3 anys),,651,,Eixample,,429343.08161767107,242,﻿92086003672,,True,2,,,8,53,Llar d'Infants La Baldufa,90502,1984-05-30T00:00:00,4582729.67633098,,2016-10-24T15:07:35,65103003000000,Planol BCN >> Educació >> Ensenyament infantil >> Ensenyament infantil (0-3 anys),41.39299816592718,,160469,l'Antiga Esquerra de l'Eixample,True,20001
,52,2.105793978755489,Tel.,,Avinguda d'Esplugues,Telèfons,8034,56732069,93 203 33 32,Barcelona,Educació secundària,,651,,Les Corts,,425236.371,36,﻿99400620286,,True,4,,,21,54,Institut Pedralbes,115400,2019-02-14T11:44:20,4582033.148,,2025-03-12T12:52:33.377857,65103003001001,Planol BCN >> Educació >> Ensenyament reglat >> Educació secundària,41.38635358870959,,232824,Pedralbes,True,20001
,,2.172544299129336,Tel.,,Consell de Cent,Telèfons,8009,,902220031,BARCELONA,,,,,Eixample,,430827.9841121961,425,﻿67171128,,True,2,,,7,379,Instituto Dietética y Nutrición S.A.,89004,2000-03-07T00:00:00,4583091.589107341,,2012-03-02T13:45:28,,,41.396386882960165,,129093,la Dreta de l'Eixample,True,20001
,52,2.105793978755489,Tel.,,Avinguda d'Esplugues,Telèfons,8034,56732073,93 203 33 32,Barcelona,Formació professional,,651,,Les Corts,,425236.371,36,﻿99400620286,,True,4,,,21,55,Institut Pedralbes,115400,2019-02-14T11:44:20,4582033.148,,2025-03-12T12:52:33.377857,65103003001005,Planol BCN >> Educació >> Ensenyament reglat >> Formació professional,41.38635358870959,,232824,Pedralbes,True,20001
,18,2.193324471337654,Tel.,,Carrer de Fernando Pessoa,Telèfons,8030,56732069,93 820 56 93,Barcelona,Educació secundària,,651,,Sant Andreu,,432609.42629234004,10,﻿99400620290,,False,9,,,60,56,Institut La Sagrera Sant Andreu,701334,2019-02-14T12:05:15,4587829.82023473,,2023-07-12T10:45:21.278393,65103003001001,Planol BCN >> Educació >> Ensenyament reglat >> Educació secundària,41.439213922791076,,232763,Sant Andreu,True,20001
,177,2.2102762513684557,Tel.,,Carrer de Cristóbal de Moura,Telèfons,8019,56733068,932292130,Barcelona,Adults,,651,,Sant Martí,,434000.18,177,﻿98307125139,,True,10,,,70,57,Centre de Formació de Persones Adultes Palau de Mar,94300,1998-11-03T00:00:00,4585028.701,,2025-06-11T10:00:14.432394,65103003002000,Planol BCN >> Educació >> Ensenyament no reglat >> Adults,41.414100569941716,,201209,el Besòs i el Maresme,True,20001
,,2.1699735143707626,Tel.,,Rbla Raval,Telèfons,8001,56733068,933103094,BARCELONA,Adults,,651,,Ciutat Vella,,430594.1637911806,29,﻿98307125520,,True,1,,,1,58,Centre de Formació de Persones Adultes Maria Rúbies,701367,1998-11-03T00:00:00,4581119.333304636,,2018-06-08T09:43:50,65103003002000,Planol BCN >> Educació >> Ensenyament no reglat >> Adults,41.37860325209818,,200365,el Raval,True,20001
,,2.194368450987047,Centraleta,,C Doctor Trueta,Telèfons,8005,,932210380,BARCELONA,,,,,Sant Martí,,432647.5275393136,48,﻿99400624358,,True,10,,,67,59,Escola Port *Doctor Trueta,367504,2019-03-27T15:26:05,4582549.056767517,,2019-03-27T15:26:25,,,41.391654898196286,,232752,la Vila Olímpica del Poblenou,True,20003
,,2.1706786948310444,Tel.,,C Marina,Telèfons,8025,56731068,934551042,BARCELONA,Ensenyament infantil (0-3 anys),,651,,Eixample,,430683.8862569852,354,﻿92086036833,,True,2,,,6,60,Escola Bressol Municipal Barrufets,197302,1991-09-25T00:00:00,4584332.032979586,,2020-07-21T12:06:19,65103003000000,Planol BCN >> Educació >> Ensenyament infantil >> Ensenyament infantil (0-3 anys),41.40754673475236,,171447,la Sagrada Família,True,20001
,,2.1706786948310444,Tel.,,C Marina,Telèfons,8025,56731070,934551042,BARCELONA,Escoles Bressol municipals,,651,,Eixample,,430683.8862569852,354,﻿92086036833,,True,2,,,6,61,Escola Bressol Municipal Barrufets,197302,1991-09-25T00:00:00,4584332.032979586,,2020-07-21T12:06:19,65103003000002,Planol BCN >> Educació >> Ensenyament infantil >> Escoles Bressol municipals,41.40754673475236,,171447,la Sagrada Família,True,20001
,,2.162644311568129,Tel.,,Rbla Catalunya,Telèfons,8007,,932155134,BARCELONA,,,,,Eixample,,429995.1433163121,73,﻿99400662261,92086017204,True,2,,,7,62,Escola JORGC,74506,2021-01-11T11:01:35,4582558.002141518,"Col·legi Oficial de Joiers, Orfebres, Rellotgers i Gemmòlegs de Catalunya",2021-01-11T10:57:41,,,41.39150897730182,,234119,la Dreta de l'Eixample,True,20001
,,2.155826198434591,Tel.,,C Còrsega,Telèfons,8008,,932170618,BARCELONA,,,,,Eixample,,429427.55077945185,258,﻿99400048545,,True,2,,,8,63,Estudio El Arte del Control *Còrsega,90502,2003-06-30T10:01:36,4582812.189543626,,2012-02-29T13:55:23,,,41.39374874946535,,207410,l'Antiga Esquerra de l'Eixample,True,20001
,,2.172652991432851,Tel.,,C Aragó,Telèfons,8009,,676076407,BARCELONA,,,,,Eixample,,430838.601976074,376,﻿99400662306,,True,2,,,7,64,Taller del Chocolate,18505,2021-01-11T12:58:14,4583251.882545885,,2023-02-03T14:10:44.714497,,,41.397831507107654,,234136,la Dreta de l'Eixample,True,20001
,,2.14083004814997,Tel.,,Avinguda de Vallcarca,Telèfons,8023,56731068,934344239,Barcelona,Ensenyament infantil (0-3 anys),,651,,Gràcia,,428203.2160440747,258,﻿92168165205,,True,6,,,28,65,Centre Educatiu Gravi,158107,1989-07-14T00:00:00,4585783.234314267,,2025-03-11T08:49:33.548600,65103003000000,Planol BCN >> Educació >> Ensenyament infantil >> Ensenyament infantil (0-3 anys),41.42039935012544,Ed. Infantil,171419,Vallcarca i els Penitents,True,20001
,,2.14083004814997,Tel.,,Avinguda de Vallcarca,Telèfons,8023,56731069,934344239,Barcelona,Ensenyament infantil (3-6 anys),,651,,Gràcia,,428203.2160440747,258,﻿92168165205,,True,6,,,28,66,Centre Educatiu Gravi,158107,1989-07-14T00:00:00,4585783.234314267,,2025-03-11T08:49:33.548600,65103003000001,Planol BCN >> Educació >> Ensenyament infantil >> Ensenyament infantil (3-6 anys),41.42039935012544,Ed. Infantil,171419,Vallcarca i els Penitents,True,20001
,,2.14083004814997,Tel.,,Avinguda de Vallcarca,Telèfons,8023,56732068,934344239,Barcelona,Educació primària,,651,,Gràcia,,428203.2160440747,258,﻿92168165205,,True,6,,,28,67,Centre Educatiu Gravi,158107,1989-07-14T00:00:00,4585783.234314267,,2025-03-11T08:49:33.548600,65103003001000,Planol BCN >> Educació >> Ensenyament reglat >> Educació primària,41.42039935012544,Ed. Infantil,171419,Vallcarca i els Penitents,True,20001
,,2.14083004814997,Tel.,,Avinguda de Vallcarca,Telèfons,8023,56732069,934344239,Barcelona,Educació secundària,,651,,Gràcia,,428203.2160440747,258,﻿92168165205,,True,6,,,28,68,Centre Educatiu Gravi,158107,1989-07-14T00:00:00,4585783.234314267,,2025-03-11T08:49:33.548600,65103003001001,Planol BCN >> Educació >> Ensenyament reglat >> Educació secundària,41.42039935012544,Ed. Infantil,171419,Vallcarca i els Penitents,True,20001
,,2.1394679536613794,Tel.,,C Bori i Fontestà,Telèfons,8021,56731068,932099991,BARCELONA,Ensenyament infantil (0-3 anys),,651,,Sarrià-Sant Gervasi,,428059.3110882323,23,﻿92168165231,,True,5,,,26,69,Llar d'Infants El Camí Feliç Turó Parc,46103,1989-11-23T00:00:00,4582756.496798621,,2017-12-04T14:34:15,65103003000000,Planol BCN >> Educació >> Ensenyament infantil >> Ensenyament infantil (0-3 anys),41.39312591786583,,171673,Sant Gervasi - Galvany,True,20001
,,2.1917589047390966,Tel.,,C Cinca,Telèfons,8030,56731069,933451820,BARCELONA,Ensenyament infantil (3-6 anys),,651,,Sant Andreu,,432481.0430463201,95,﻿92168165268,,True,9,,,60,70,Escola Ignasi Iglésias,78700,1987-09-30T00:00:00,4588088.838730244,,2023-02-02T12:32:08.757527,65103003000001,Planol BCN >> Educació >> Ensenyament infantil >> Ensenyament infantil (3-6 anys),41.441536026361206,,171676,Sant Andreu,True,20001
,,2.1917589047390966,Tel.,,C Cinca,Telèfons,8030,56732068,933451820,BARCELONA,Educació primària,,651,,Sant Andreu,,432481.0430463201,95,﻿92168165268,,True,9,,,60,71,Escola Ignasi Iglésias,78700,1987-09-30T00:00:00,4588088.838730244,,2023-02-02T12:32:08.757527,65103003001000,Planol BCN >> Educació >> Ensenyament reglat >> Educació primària,41.441536026361206,,171676,Sant Andreu,True,20001
,12,2.1684702228417723,Tel.,,Carrer de Sabastida,Telèfons,8031,56731069,934073810,Barcelona,Ensenyament infantil (3-6 anys),,651,,Nou Barris,,430521.364,12,﻿92168165273,,True,8,,,44,72,Centre Educatiu Cor de Maria-Sabastida,291606,1985-04-25T00:00:00,4586632.085,,2025-03-10T17:58:40.219439,65103003000001,Planol BCN >> Educació >> Ensenyament infantil >> Ensenyament infantil (3-6 anys),41.42824842816445,,171679,Vilapicina i la Torre Llobeta,True,20001
,12,2.1684702228417723,Tel.,,Carrer de Sabastida,Telèfons,8031,56732068,934073810,Barcelona,Educació primària,,651,,Nou Barris,,430521.364,12,﻿92168165273,,True,8,,,44,73,Centre Educatiu Cor de Maria-Sabastida,291606,1985-04-25T00:00:00,4586632.085,,2025-03-10T17:58:40.219439,65103003001000,Planol BCN >> Educació >> Ensenyament reglat >> Educació primària,41.42824842816445,,171679,Vilapicina i la Torre Llobeta,True,20001
,12,2.1684702228417723,Tel.,,Carrer de Sabastida,Telèfons,8031,56732069,934073810,Barcelona,Educació secundària,,651,,Nou Barris,,430521.364,12,﻿92168165273,,True,8,,,44,74,Centre Educatiu Cor de Maria-Sabastida,291606,1985-04-25T00:00:00,4586632.085,,2025-03-10T17:58:40.219439,65103003001001,Planol BCN >> Educació >> Ensenyament reglat >> Educació secundària,41.42824842816445,,171679,Vilapicina i la Torre Llobeta,True,20001
,,2.1665579175689706,Tel.,,C Vistalegre,Telèfons,8001,,634505446,BARCELONA,,,,,Ciutat Vella,,430308.5665672802,18,﻿99400336123,,True,1,,,1,421,Escola de Swing Spank The Baby,366807,2014-02-21T13:51:28,4581123.481205393,,2016-02-18T17:13:29,,,41.37861592589865,,226120,el Raval,True,20001
,,2.1245137737314317,Tel.,,C Bassegoda,Telèfons,8028,56733069,933338081,BARCELONA,Idiomes,,651,,Sants-Montjuïc,,426788.4928801792,40,﻿92168165286,,True,3,,,17,75,Barcelona Esperanto Centro,36100,1990-12-04T00:00:00,4580726.674334728,,2023-01-20T14:10:21.419074,65103003002001,Planol BCN >> Educació >> Ensenyament no reglat >> Idiomes,41.3747294743245,,171040,Sants - Badal,True,20001
,,2.134029525864466,Tel.,,Carrer de Numància,Telèfons,8029,56731069,934303404,Barcelona,Ensenyament infantil (3-6 anys),,651,,Les Corts,,427599.38967025303,140,﻿92168165320,,True,4,,,19,76,Escola Ítaca,231502,1987-03-25T00:00:00,4582234.399794392,,2023-06-12T10:14:01.803584,65103003000001,Planol BCN >> Educació >> Ensenyament infantil >> Ensenyament infantil (3-6 anys),41.38838232973607,,171682,les Corts,True,20001
,,2.134029525864466,Tel.,,Carrer de Numància,Telèfons,8029,56732068,934303404,Barcelona,Educació primària,,651,,Les Corts,,427599.38967025303,140,﻿92168165320,,True,4,,,19,77,Escola Ítaca,231502,1987-03-25T00:00:00,4582234.399794392,,2023-06-12T10:14:01.803584,65103003001000,Planol BCN >> Educació >> Ensenyament reglat >> Educació primària,41.38838232973607,,171682,les Corts,True,20001
,,2.1918794854045887,Tel.,,C Sant Sebastià,Telèfons,8030,56731069,933112161,BARCELONA,Ensenyament infantil (3-6 anys),,651,,Sant Andreu,,432477.73536585545,55,﻿92168165393,,True,9,,,60,78,"Centre Educatiu Jesús, Maria i Josep",310904,1987-09-22T00:00:00,4586655.258695906,,2022-06-08T21:30:45.565935,65103003000001,Planol BCN >> Educació >> Ensenyament infantil >> Ensenyament infantil (3-6 anys),41.428623982737015,,171687,Sant Andreu,True,20001
,,2.1918794854045887,Tel.,,C Sant Sebastià,Telèfons,8030,56732068,933112161,BARCELONA,Educació primària,,651,,Sant Andreu,,432477.73536585545,55,﻿92168165393,,True,9,,,60,79,"Centre Educatiu Jesús, Maria i Josep",310904,1987-09-22T00:00:00,4586655.258695906,,2022-06-08T21:30:45.565935,65103003001000,Planol BCN >> Educació >> Ensenyament reglat >> Educació primària,41.428623982737015,,171687,Sant Andreu,True,20001
,,2.1918794854045887,Tel.,,C Sant Sebastià,Telèfons,8030,56732069,933112161,BARCELONA,Educació secundària,,651,,Sant Andreu,,432477.73536585545,55,﻿92168165393,,True,9,,,60,80,"Centre Educatiu Jesús, Maria i Josep",310904,1987-09-22T00:00:00,4586655.258695906,,2022-06-08T21:30:45.565935,65103003001001,Planol BCN >> Educació >> Ensenyament reglat >> Educació secundària,41.428623982737015,,171687,Sant Andreu,True,20001
,14,2.1798869443958537,Tel.,,Via Laietana,Telèfons,8003,,93 223 03 23,Barcelona,,,,,Ciutat Vella,,431427.984,14,﻿93048112546,,True,1,,,4,81,Oficina d'Accés a la Universitat,177101,1993-02-17T00:00:00,4581625.406,,2025-09-25T08:56:08.517925,,,41.38323279531777,,173345,"Sant Pere, Santa Caterina i la Ribera",True,20001
,,2.1262516820863993,Tel.,,Trav Corts,Telèfons,8028,56732071,934021575,BARCELONA,Universitats,,651,,Les Corts,,426941.20523647795,131,﻿93180115531,92086008787,True,4,,,20,82,Centre Informàtica i Recerca,343903,1993-06-29T00:00:00,4581457.295236274,Universitat de Barcelona,2025-04-15T16:37:55.259212,65103003001003,Planol BCN >> Educació >> Ensenyament reglat >> Universitats,41.38132376004671,,174875,la Maternitat i Sant Ramon,True,20001
,,2.166969712908759,Tel.,,Pl Àngels,Telèfons,8001,56732071,934813368,BARCELONA,Universitats,,651,,Ciutat Vella,,430347.9170788345,1,﻿99400667620,94354123927,True,1,,,1,83,Programa d'Estudis Independents,16601,2021-04-13T10:02:11.242909,4581634.635224572,Museu d'Art Contemporani de Barcelona,2021-04-13T10:12:46.467753,65103003001003,Planol BCN >> Educació >> Ensenyament reglat >> Universitats,41.38322313755374,,406544,el Raval,True,20001
,,2.192413963362347,Tel.,,Pg Salvat Papasseit,Telèfons,8003,56732069,933150203,BARCELONA,Educació secundària,,651,,Ciutat Vella,,432473.55845744413,11,﻿92086001752,,True,1,,,3,84,Institut Joan Salvat-Papasseit,294874,1989-04-28T00:00:00,4581416.5427843435,,2024-01-09T10:29:25.564359,65103003001001,Planol BCN >> Educació >> Ensenyament reglat >> Educació secundària,41.38144005668372,,160037,la Barceloneta,True,20001
,,2.139616783345038,Tel.,,C Montnegre,Telèfons,8029,,932037564,BARCELONA,,,,,Les Corts,,428066.04714565125,36,﻿92168165833,,True,4,,,19,85,Centre d'Educació Especial Paideia,219100,1989-11-23T00:00:00,4582181.695408271,,2024-09-05T08:10:15.147225,,,41.387949509337645,,171629,les Corts,True,20001
,,2.17050613591235,Tel.,,C Garriga i Roca,Telèfons,8041,56731069,934368637,BARCELONA,Ensenyament infantil (3-6 anys),,651,,Horta-Guinardó,,430682.7939809532,13,﻿92168165842,,True,7,,,35,86,Escola Parc del Guinardó,141206,1990-01-19T00:00:00,4585724.059408192,,2022-11-16T17:43:15.684493,65103003000001,Planol BCN >> Educació >> Ensenyament infantil >> Ensenyament infantil (3-6 anys),41.42008412690289,,171632,el Guinardó,True,20001
,,2.17050613591235,Tel.,,C Garriga i Roca,Telèfons,8041,56732068,934368637,BARCELONA,Educació primària,,651,,Horta-Guinardó,,430682.7939809532,13,﻿92168165842,,True,7,,,35,87,Escola Parc del Guinardó,141206,1990-01-19T00:00:00,4585724.059408192,,2022-11-16T17:43:15.684493,65103003001000,Planol BCN >> Educació >> Ensenyament reglat >> Educació primària,41.42008412690289,,171632,el Guinardó,True,20001
,,2.11435616394441,Tel.,,C Can Móra,Telèfons,8034,,932037730,BARCELONA,,,,,Sarrià-Sant Gervasi,,425965.7853032984,7,﻿92168165861,,True,5,,,23,88,Centre d'Educació Especial Pedralbes,69608,1984-05-30T00:00:00,4583349.646560549,,2017-03-21T15:27:03,,,41.398278152840746,,171640,Sarrià,True,20001
,,2.136121251833447,Tel.,,C Sagunt,Telèfons,8014,56731069,933318893,BARCELONA,Ensenyament infantil (3-6 anys),,651,,Sants-Montjuïc,,427756.9835112997,92,﻿92168165877,,True,3,,,18,89,Escola Cal Maiol,293000,1985-05-10T00:00:00,4580498.143774105,,2024-02-12T17:59:17.150711,65103003000001,Planol BCN >> Educació >> Ensenyament infantil >> Ensenyament infantil (3-6 anys),41.37275870841211,,171644,Sants,True,20001
,,2.136121251833447,Tel.,,C Sagunt,Telèfons,8014,56732068,933318893,BARCELONA,Educació primària,,651,,Sants-Montjuïc,,427756.9835112997,92,﻿92168165877,,True,3,,,18,90,Escola Cal Maiol,293000,1985-05-10T00:00:00,4580498.143774105,,2024-02-12T17:59:17.150711,65103003001000,Planol BCN >> Educació >> Ensenyament reglat >> Educació primària,41.37275870841211,,171644,Sants,True,20001
,,2.156877769687009,Tel.,,G.V. Corts Catalanes,Telèfons,8015,56731068,934536085,BARCELONA,Ensenyament infantil (0-3 anys),,651,,Eixample,,429501.9073489189,499,﻿92168165899,,True,2,,,9,91,Llar d'Infants Tic-Tac *G.V. Corts Catalanes,169409,1987-11-23T00:00:00,4581418.172161818,,2016-12-22T12:26:23,65103003000000,Planol BCN >> Educació >> Ensenyament infantil >> Ensenyament infantil (0-3 anys),41.381199839349996,,171646,la Nova Esquerra de l'Eixample,True,20001
,,2.156877769687009,Tel.,,G.V. Corts Catalanes,Telèfons,8015,56731069,934536085,BARCELONA,Ensenyament infantil (3-6 anys),,651,,Eixample,,429501.9073489189,499,﻿92168165899,,True,2,,,9,92,Llar d'Infants Tic-Tac *G.V. Corts Catalanes,169409,1987-11-23T00:00:00,4581418.172161818,,2016-12-22T12:26:23,65103003000001,Planol BCN >> Educació >> Ensenyament infantil >> Ensenyament infantil (3-6 anys),41.381199839349996,,171646,la Nova Esquerra de l'Eixample,True,20001
,,2.1786002392699624,Tel.,,Carrer dels Nou Barris,Telèfons,8042,56731069,933538793,Barcelona,Ensenyament infantil (3-6 anys),,651,,Nou Barris,,431388.787491684,12,﻿92168165901,,True,8,,,50,93,Institut Escola Antaviana,267816,1987-09-29T00:00:00,4588837.277221564,,2024-06-17T11:39:36.430083,65103003000001,Planol BCN >> Educació >> Ensenyament infantil >> Ensenyament infantil (3-6 anys),41.44818432585492,,171648,les Roquetes,True,20001
,,2.1786002392699624,Tel.,,Carrer dels Nou Barris,Telèfons,8042,56732068,933538793,Barcelona,Educació primària,,651,,Nou Barris,,431388.787491684,12,﻿92168165901,,True,8,,,50,94,Institut Escola Antaviana,267816,1987-09-29T00:00:00,4588837.277221564,,2024-06-17T11:39:36.430083,65103003001000,Planol BCN >> Educació >> Ensenyament reglat >> Educació primària,41.44818432585492,,171648,les Roquetes,True,20001
,,2.118275089195076,Tel.,,C Bosch i Gimpera,Telèfons,8034,,932037950,BARCELONA,,,,,Sarrià-Sant Gervasi,,426287.1173167284,6,﻿92168165536,,True,5,,,23,548,Lyceé Français de Barcelone,62700,1992-04-03T00:00:00,4582730.33567214,,2016-10-18T15:28:59,,,41.39272981969986,,171718,Sarrià,True,20001
,,2.1786002392699624,Tel.,,Carrer dels Nou Barris,Telèfons,8042,56732069,933538793,Barcelona,Educació secundària,,651,,Nou Barris,,431388.787491684,12,﻿92168165901,,True,8,,,50,95,Institut Escola Antaviana,267816,1987-09-29T00:00:00,4588837.277221564,,2024-06-17T11:39:36.430083,65103003001001,Planol BCN >> Educació >> Ensenyament reglat >> Educació secundària,41.44818432585492,,171648,les Roquetes,True,20001
,,2.1659541496737007,Tel.,,C Miguel Hernández,Telèfons,8042,56731068,934273745,BARCELONA,Ensenyament infantil (0-3 anys),,651,,Nou Barris,,430326.867910607,20,﻿92086033565,,True,8,,,49,96,Escola Bressol Municipal El Vent,700815,1990-10-05T00:00:00,4588267.555552975,,2025-04-07T16:52:03.702291,65103003000000,Planol BCN >> Educació >> Ensenyament infantil >> Ensenyament infantil (0-3 anys),41.44296160942353,,167961,Canyelles,True,20001
,,2.1659541496737007,Tel.,,C Miguel Hernández,Telèfons,8042,56731070,934273745,BARCELONA,Escoles Bressol municipals,,651,,Nou Barris,,430326.867910607,20,﻿92086033565,,True,8,,,49,97,Escola Bressol Municipal El Vent,700815,1990-10-05T00:00:00,4588267.555552975,,2025-04-07T16:52:03.702291,65103003000002,Planol BCN >> Educació >> Ensenyament infantil >> Escoles Bressol municipals,41.44296160942353,,167961,Canyelles,True,20001
